{
  "id": "465d371f-cb46-4a0a-8c1a-ff6bd251c889",
  "name": "apresentacao_medicacao",
  "isOverridable": true,
  "entries": [
    {
      "value": "mg",
      "synonyms": [
        "mg",
        "miligramas"
      ]
    },
    {
      "value": "mL",
      "synonyms": [
        "mL",
        "mililitros"
      ]
    },
    {
      "value": "seringa",
      "synonyms": [
        "seringa"
      ]
    },
    {
      "value": "cápsulas",
      "synonyms": [
        "cápsulas"
      ]
    }
  ],
  "isEnum": false,
  "automatedExpansion": false
}