{
  "id": "b3143c98-835c-4343-a65c-6ca53c73858d",
  "name": "nome_medicamento",
  "isOverridable": true,
  "entries": [
    {
      "value": "omeprazol",
      "synonyms": [
        "omeprazol"
      ]
    },
    {
      "value": "ibuprofeno",
      "synonyms": [
        "ibuprofeno"
      ]
    },
    {
      "value": "ácido acetilsalicílico",
      "synonyms": [
        "aas",
        "ácido acetilsalicílico"
      ]
    },
    {
      "value": "dipirona sódica",
      "synonyms": [
        "dipirona sódica",
        "dipirona"
      ]
    },
    {
      "value": "insulina",
      "synonyms": [
        "insulina"
      ]
    },
    {
      "value": "amoxicilina",
      "synonyms": [
        "amoxicilina"
      ]
    }
  ],
  "isEnum": false,
  "automatedExpansion": false
}