{
  "id": "d557a881-2118-4e1e-a144-2f0ec88d1189",
  "name": "nome_patologia",
  "isOverridable": true,
  "entries": [
    {
      "value": "gastrite",
      "synonyms": [
        "gastrite"
      ]
    },
    {
      "value": "gastralgia",
      "synonyms": [
        "gastralgia",
        "dor de estômago"
      ]
    },
    {
      "value": "mialgia",
      "synonyms": [
        "mialgia",
        "dor de cabeça"
      ]
    },
    {
      "value": "enxaqueca",
      "synonyms": [
        "enxaqueca"
      ]
    },
    {
      "value": "diabetes",
      "synonyms": [
        "diabetes"
      ]
    }
  ],
  "isEnum": false,
  "automatedExpansion": false
}